size; sort_insert; sort_bubble; sort_choose; 
1000; 0.352600; 1.487000; 1.210200; 
11000; 24.100400; 66.172600; 59.241200; 
21000; 77.257400; 247.504000; 217.010400; 
31000; 164.903600; 530.557600; 473.156800; 
41000; 302.242200; 930.324600; 832.047000; 
51000; 445.250800; 1445.878400; 1290.021200; 
61000; 671.756600; 2067.760200; 1850.820400; 
71000; 868.836400; 2797.794400; 2504.677600; 
81000; 1169.633400; 3636.756600; 3258.437800; 
91000; 1427.332600; 4588.335600; 4110.547800; 
